bot_first_name,bot_last_name,bot_email_header,bot_email_password
Christian,William,christian_william46905,d}qjI&g!h7w\
Natalie,Williamson,natalie_williamson13936,(e$BPqECBY6R
Francis,Wolf,francis_wolf59268,}d_1F[\g-Amn
Angelina,Hahn,angelina_hahn26191,buCst%\8M&]f
Ida,Hall,ida_hall12801,"\`fLu0z5""ha~"
Juanita,Minor,juanita_minor80343,`zPBEn:jukW+
Anita,Lucas,anita_lucas66917,#lE{2xI*fsTl
Roger,Morgan,roger_morgan68342,LhiBzQYY3/v8
Albert,Chapman,albert_chapman79450,<!E\=j`O+`|N
Maurice,Thompson,maurice_thompson55489,N'oE)\z@]4Bn
Raul,Ho,raul_ho21188,`kgCCvN2JY`x
Clark,Berger,clark_berger55867,fbTwR8~Cf|~h
Jill,Hanna,jill_hanna86639,?G=~r64:kW~p
Marcy,Hubbard,marcy_hubbard17383,?k:A5!;4:*{0
Mark,Hines,mark_hines88845,ADdll1nZsxY@
Pat,Lewis,pat_lewis47826,/Efi>z;mE:@3
Tami,Cohen,tami_cohen94265,5P`)a4@qx}]K
Bonnie,Brown,bonnie_brown26565,"UYdqYXD""N1\["
Wade,Parks,wade_parks27267,tB6cn}wjR$Y<
Rodolfo,Davenport,rodolfo_davenport40215,rEs-J6}`5xq;
Kenneth,Valdez,kenneth_valdez51882,8=;*?*ADeSp)
Bernadette,Hamilton,bernadette_hamilton31805,`r!;}=xJb3sT
Terry,Conway,terry_conway86414,p^&M(c`!xvu\
Ted,FitzGerald,ted_fitzgerald31147,lVsLHjWX#.)M
Kathy,Roth,kathy_roth82638,keZU-)=`&gX/
Marissa,Crane,marissa_crane97652,i(FKF6(MuR%F
Marian,Daniel,marian_daniel50785,1*K#Jf<Q+TZX
Jeremiah,Reese,jeremiah_reese26887,~.:GnQv>s$%p
Tricia,Cox,tricia_cox18034,l=GFv;7F*1g}
Katie,Sellers,katie_sellers23113,<-qJd.wQ>x>v
Geraldine,Gifford,geraldine_gifford26219,TE#K=Gy*Lq-&
Lonnie,Richards,lonnie_richards76219,V|HDV/I1bulJ
Viola,Berger,viola_berger30331,"VBg`-.]""nnTS"
Alejandro,Grace,alejandro_grace49941,WG2!vy'P/oDq
Shawna,Koch,shawna_koch16759,iIz>v@d|`<fK
Chris,Frey,chris_frey74619,joXWWlG:THKM
Lyle,Hogan,lyle_hogan84457,"B!*_I<""agBd,"
Michele,Bowman,michele_bowman42906,P\H:d~OyG{]f
Debora,Perez,debora_perez30074,"W#kGW%DUA),b"
Victoria,Adams,victoria_adams95697,JCGkX>vD\YtL
Delia,Potts,delia_potts20748,h`(co$]5|5P/
Jimmie,Callahan,jimmie_callahan26840,b5nYw{lD&%j1
Susan,Mack,susan_mack49896,"""DvDko^D,5dO"
Brian,English,brian_english69899,8W:Lu.Y|_#9Q
Tyler,Proctor,tyler_proctor18449,nRj~3xz%(s7o
Bret,Thomas,bret_thomas43473,"H7YZt7&,-N?q"
Emma,Key,emma_key28104,^0n?^w*$h#H0
Angel,Conner,angel_conner33992,"#)2!g""M~@@US"
Mathew,Dorsey,mathew_dorsey15701,$iEsQ?ZS'z|A
Corinne,Blackwell,corinne_blackwell82166,"c4e\-r"";2az,"
